MDVP:Fo(Hz),MDVP:Fhi(Hz),MDVP:Flo(Hz),MDVP:Jitter(%),MDVP:Jitter(Abs),MDVP:RAP,MDVP:PPQ,Jitter:DDP,MDVP:Shimmer,MDVP:Shimmer(dB),Shimmer:APQ3,Shimmer:APQ5,MDVP:APQ,Shimmer:DDA,NHR,HNR,RPDE,DFA,spread1,spread2,D2,PPE
-1.0634464302691773,-0.9157626011239405,-0.3358046411161181,-0.5573661487387082,-0.4221691377329842,-0.5457280228115675,-0.5337190510267427,-0.5457971979284746,-0.8076100170150917,-0.7818284283017845,-0.8177869554359883,-0.720941739145907,-0.6855926477578697,-0.8181081826785132,-0.5069792114811695,1.0556919871165817,-1.2781970903456898,1.041194598577086,-0.3785986139820711,-0.42503607575347413,-1.260101979164099,-0.39131778370089354
0.5834209093758238,0.12149403740279359,-0.930523125079663,0.19156775460680528,-0.15036399746742293,0.22668456760819977,0.20738945484952362,0.22659085279847138,0.8495494507651068,0.6722594843014945,0.9755242960878373,0.9210960876502953,0.5369126206720175,0.975537051701258,0.6381348532109965,-1.6897832267186879,0.5403670173077367,0.19346526027157707,0.36289997357990894,1.4438099676147154,1.7600057655126218,0.359528289032257
-1.070570011375039,-0.7576977866625413,-0.20592359289419437,-0.29303653579323286,-0.15036399746742293,-0.31525007244437886,-0.146321422955058,-0.3163647258711426,0.5157151514569241,0.4026272885869792,0.5563086788485014,0.5803256892321643,0.4303211500763331,0.5566264870928245,-0.03007555636433294,-0.8624748230236798,1.4810026208549898,-0.22335502053787554,0.32128826292205415,1.1830237365699126,0.5934142608527613,0.20707671983371234
2.087044490490018,0.5925754588952151,2.6644835509400178,-0.6684612034549224,-0.9657794182641067,-0.5488425897084214,-0.5943552015075282,-0.5489116658749543,-0.6734756958537829,-0.6325677485312492,-0.5560100922265364,-0.6622975310460426,-0.7691076144101586,-0.5563278965666456,-0.43654560829573874,0.22838358342157347,-1.899523330366359,-1.1792621364253988,-1.518769910575247,-1.5873695712661566,0.057028408879831266,-1.2653734471058822
1.2296990875359417,0.4141632114890207,-0.6693698742873629,-0.5305501010485875,-0.6939742779985454,-0.4865512517713434,-0.49666362573292944,-0.48558415096320195,-0.5508529022548252,-0.555529978327102,-0.47961969086292416,-0.5410466683530799,-0.5641662817700023,-0.47993649634894753,-0.14799504040703815,-0.6498995121633997,0.34248351811204825,-1.5713633490947896,-0.2046442208962196,-0.16488230929487568,0.19154720820134896,-0.22693522213028894
0.04790694512398205,0.3676370690847627,-0.8175278123975791,-0.6454760197205333,-0.6939742779985454,-0.5799882586769604,-0.6145672516677899,-0.5810945013219103,-0.690492736598128,-0.6470123304445268,-0.8038131015280106,-0.6718074026298043,-0.4790029934074708,-0.8038236119060981,-0.4508595341043908,0.9298821092604972,-0.29433026921718886,-0.7772405319030357,-1.3422735982864387,0.6590082250002647,-0.3798956781944494,-1.1164348923279999
1.7417002526131906,0.77919886549421,-0.6356463740472844,-0.5650278766501712,-0.6939742779985454,-0.5488425897084214,-0.5741431513472663,-0.5499498218571142,-0.28108275633711854,-0.33886124962793784,-0.23554304260357745,-0.3025073894603883,-0.3427417320274205,-0.23554612248175932,-0.2654601141066115,-0.2857016071282876,0.6408516992502311,-2.633464164193737,0.20662546158529518,1.4706587093623968,1.1143489663279749,0.2572531710873205
-0.8562897027955696,-0.78474498411355,-0.6558660829394509,-0.5765204685173658,-0.4221691377329842,-0.5488425897084214,-0.6347793018280519,-0.5478735098927944,-0.9492518561518467,-0.911829665521283,-0.9305093769603432,-0.9182715745089642,-0.8888856586877837,-0.9308320781217018,-0.3995111653304961,0.37002815280092305,-0.2895365045740607,0.042784519429590454,0.22586995863411988,0.3504647170638583,0.30526984232390564,0.25005038680344704
-0.907400151848815,-0.5675891490325368,-0.3409854917931143,-0.5631124446723054,-0.4221691377329842,-0.5270406214304441,-0.47308290054595725,-0.5271103902495969,-0.7210233096982765,-0.7240501006486741,-0.6994749923484425,-0.6321829376974637,-0.6674611089452017,-0.6994841384380228,-0.4706263840306246,0.8160024784424903,-1.0997215451707638,0.6830411488540937,-0.3106453231840157,0.032855883391860734,-1.3001671613616632,-0.5132127557687731
2.466362730564032,0.75229829588593,1.6465183491696285,-0.8849050169537537,-1.047320960343775,-0.7886642407661718,-0.826793778350539,-0.788725697753885,-0.9737764148716381,-0.9262742474345607,-0.9482095919104484,-0.8952893848482064,-0.9191048900422302,-0.9485325245136074,-0.5065248011380378,1.1110049506567563,1.0631493707879875,-1.524528178016459,-1.527109564935736,-0.319650113918925,-0.9117275343084754,-1.3607551027914064
-0.8835137382805587,-0.683278516945379,-0.320981651679156,2.233418243011709,2.83949254545375,2.403766828509076,1.2112546128091937,2.403603947387726,0.9081080909735884,0.6867040662147721,0.9112445681111392,0.23876280151538692,0.2105449220439936,0.9112564832253901,1.8373237487358483,-0.5657370421493301,1.258975626857474,-1.3137061992254606,2.079634577456483,0.949507890330261,1.423801094796105,0.5714801590788713
2.0894605302357125,0.5517790814221968,2.7611208073178815,-0.6588840435655936,-0.9657794182641067,-0.5363843221210058,-0.6718347271218652,-0.5364537940890358,-0.9287313070189599,-0.863681059143691,-0.871819190546836,-0.8818170667712105,-0.9070171975004515,-0.8715200560014565,-0.4835770788098813,0.6498466742394547,-1.1250877410758995,-1.679140670491916,-1.2465276647200572,-0.6241880128093722,-1.3514314303618344,-1.3032433006720134
-0.622282554230637,-0.5001065041829184,-0.9236153241770008,1.7315750648108788,2.0240771246570666,1.7434786463760497,1.8546715429108618,1.7443748987162067,1.5377385985143586,1.3896737193276154,1.4823093978171678,1.4362141317707258,1.451181729286549,1.4823287799747669,2.086113411600515,-1.4366450759289464,1.3488441579506125,-1.376668833022565,1.3738801580201576,1.0356842905171622,0.6095990373682938,1.6273287951455446
-0.9684238361472808,-0.767093247661995,-0.5521051568807177,0.007686284731692026,0.39324628306369946,0.06472708897179705,-0.06210454728730052,0.0636003635993712,0.28047958822627095,0.35447868220938716,0.2162782337543734,0.06362266651444064,0.3066970218081421,0.21628106173267408,0.010366964174398334,-0.591983585633099,1.7888515875323139,0.01125769614639235,0.13865914007730135,0.19967771895297545,0.03669388161725361,0.12091948880621604
0.5101675805914206,-0.02315996898135386,-0.67061711611701,-0.3275143113948165,-0.4221691377329842,-0.3868851110720185,-0.3383358994775453,-0.386959332658014,0.5477472281521621,0.3304043790205911,0.5171818879061634,0.4836419947972529,0.6808660500331996,0.5174991845422964,-0.18661991957324217,-0.27355444650769994,0.35375953939811083,-0.5836381690623296,0.40025715744292023,-0.2030038021966647,0.3830945123773207,0.4858752888093406
-0.20575232054768094,0.037453725389672135,-0.8035682980734501,0.16475170691668453,0.12144114279813828,0.21422630002078413,0.21412680490294422,0.21413298101255285,-0.3681699648522967,-0.3003423645258642,-0.36969204012016493,-0.2890350713833924,-0.32351131207459083,-0.3693863399363439,-0.17889494374000137,-0.6130242031366168,1.3266220505968402,0.30195248126919133,0.07867878223147241,-1.2239876633259406,-1.5671411136620597,0.14517917329607144
0.14150980454995538,-0.29184985124904694,0.7356720322301,-0.5841821964288288,-0.6939742779985454,-0.5208114876367363,-0.5876178514541075,-0.5198432983744778,0.14184075627969434,0.055957322668316635,0.16224599864352562,0.1301917676007732,0.15175478104534296,0.1619375859680517,-0.41109862908035727,0.21254889189830764,-1.3049897708713512,-0.4646844795959881,-0.6874943853636062,-0.3971084238293267,0.19776809131162057,-0.639250433521396
-0.9006750927628617,-0.7316995422402832,-0.08964227769938637,0.20114491449613403,0.39324628306369946,-0.1439488931174143,0.3724545311583284,-0.1429926768504437,-0.40270454753935003,-0.3581206921789747,-0.4125451921046304,-0.31756468613467775,-0.3213135497942673,-0.41224005225358906,-0.4499507134181272,0.24595358360492303,0.28840325423319596,1.79838443398962,0.9964270293584289,0.7859351865649398,-0.9292473178292212,1.158739069732888
0.7626810954558473,0.019723035484340335,1.2673328475370544,-0.745078482569553,-0.9657794182641067,-0.6578524310983079,-0.7122588274423888,-0.6568798880195812,-0.8181205421807165,-0.7866432889395436,-0.8289660385623707,-0.7597737147796009,-0.7136141168319929,-0.8289768778314378,-0.5462857061620713,1.034651369613064,-1.8861221381150228,0.7325702979035068,-1.2707722313251932,-2.024340594001173,-0.08097887603661523,-1.0367181877383842
0.10925442856362312,-0.24603428992878146,-1.0970538947573758,-0.5535352847829766,-0.6939742779985454,-0.4647492834933661,-0.5471937511335839,-0.46585918730216436,0.3095086577313302,0.055957322668316635,0.4007331053396811,0.3655610892988775,0.12702995539170486,0.4004278110379381,-0.41155303942348903,0.11623926126365036,0.01524600536798367,-0.12355041773084315,-0.5329734346206849,-0.4785971453184796,-0.6241670253856377,-0.5386876339261532
-1.0260849909027696,-0.7689994096174666,-0.24091832038372105,-0.3351760393062796,-0.15036399746742293,-0.3339374738255022,-0.23053829862281564,-0.3329752215857006,1.273974466977009,1.0670780565977491,1.3397760879557936,1.3236806513628774,1.0539361971180958,1.3401041405450689,-0.00735503920774232,-0.936442354659757,1.359877579811415,-0.31951911257317434,0.04116802214418793,0.9842314362395032,0.06305465545476395,-0.004234411733661638
-0.910513605129349,-0.7093557148214141,-0.14358548683163116,0.2701004656993015,0.6650514233292605,-0.034939051727527766,0.45330273179937586,-0.0339862987236569,-0.22652812571554146,-0.14626682411756975,-0.22156918869559966,-0.1860114625593063,-0.21746928204898705,-0.22126155170934417,-0.426094170403707,0.19953407694767852,0.3807851153720221,1.7196765911047749,1.1188272801035293,0.44625209870778126,-1.4147881179550175,1.2883560451971288
-1.4279197251016054,-0.9714022279070204,-0.7106727671845285,0.0900498597799198,0.6650514233292605,0.13636212759943667,0.1905460797159722,0.1373094383327221,0.46366302682716254,0.3304043790205911,0.59077751848818,0.4685846981229635,0.18856729924075982,0.5910957774349566,-0.19048240748986256,-0.5700753137995397,0.42693723003339357,0.9375856620135934,1.1516237154881481,-0.8873304844694446,0.6287632500786386,1.3080311353958682
-0.04228356950652603,-0.0517072820541241,0.37704203536690506,-0.6378142918090702,-0.6939742779985454,-0.654737864201454,-0.6617287020417343,-0.6537654200731015,-0.815117534990538,-0.7866432889395436,-0.8420083022098166,-0.7716610542593032,-0.7158118791123164,-0.8420193120149472,-0.47517048746194274,0.5353163026739164,-1.0111436430200065,0.4914592694916984,-0.7520727222876515,-0.356283454853175,0.13918748485484347,-0.8492138048393337
-0.9112857415429215,0.25675258278748725,-0.3510593681094963,-0.22216555261219967,0.12144114279813828,-0.26541700209471647,-0.04189249712703866,-0.2654950827453088,-0.6519541443241699,-0.6373826091690084,-0.7656179008462044,-0.5671988152084247,-0.4268061392497903,-0.7659384459444756,-0.336802537978306,0.08717284120724465,1.5820695414181076,-1.1365953501806998,0.44671349990282255,-0.2465446485135746,-0.6826553042551389,0.4731488969458101
1.112907228076552,0.43210820362603247,1.4472474814636747,3.959222455068762,2.567687405188189,3.8084364989901855,4.515924814012001,3.809267147232195,2.7959986111991726,3.479323236115109,2.4707266642414685,2.9292639704213266,3.178622881620736,2.4704484364492187,3.090814680264951,-2.6537471873953047,0.8088760611849765,0.6460353568594391,2.6424886471198326,1.6068990219905863,1.971425959014789,2.7081883263329067
0.07398522980173446,-0.06079820830329561,0.6879650322460915,0.23179182614198632,0.12144114279813828,0.08341449035292049,0.13664727928860723,0.08332532726040871,0.449148492074633,0.25336660881644385,0.08306082649831774,0.40756302212715867,0.976465076736696,0.08337244671976862,0.15986796706476444,-0.9826449477344916,1.4434191178937843,-0.5984550479032784,1.0464966015312127,1.4078834988650457,1.154573850298126,1.243217124056168
-0.41119042181043447,-0.39389155072330684,0.4110293752247935,-0.6780383633442513,-0.6939742779985454,-0.7076855014479703,-0.692046777282127,-0.706711375163255,-0.9202227866467874,-0.8829405016947278,-0.9090828009681103,-0.9055917457306151,-0.7652615304195927,-0.9090946878158527,-0.47267123057471777,0.8719661827301964,-0.39018615412573154,-1.31261404599394,-0.8082220514116311,-0.9156549769182691,-0.8801240507177833,-0.7850405319788739
-0.3261308781862461,-0.39492922468723224,-1.1301537740826304,0.3256479930574087,0.39324628306369946,0.2640593703704467,0.2747629553837298,0.2629263121740669,0.05024903697924855,0.08484648649487188,0.18460416489629025,-0.03940094230964533,-0.057582076155460245,0.18460657871557978,-0.10868854572613644,-0.46053395463174257,-0.394659687527517,0.035503497886127305,0.2507325531963275,0.0024975832540663485,-0.08486911140320695,0.18318159344411442
1.3174237471682666,0.3560421904443801,-0.5305422644797003,-0.291121103815367,-0.6939742779985454,-0.1346051924268526,-0.37875999979806885,-0.13572558497532453,-0.4967987728316114,-0.41589901983208516,-0.48893559346824267,-0.4562503133978705,-0.5103211059020792,-0.48925252076574005,-0.3665664154534397,0.03923493947242638,-1.642891954349825,-0.06983468129393716,-0.978147162831572,-0.5574071932660625,1.357789365233677,-1.0390933389976367
-0.2666514667149251,-0.36522016793745893,-1.1672112476750351,0.3524640407475293,0.39324628306369946,0.3855274793477487,0.20402077982281344,0.38542871806893186,0.1938928809094559,0.3352192396583503,0.2200045947965007,0.03667803036044891,0.22867646085666163,0.22031800564661763,-0.014171194354719537,-0.30782679254435763,-0.11124533496233234,0.20804550591236456,-0.03914955085528932,-0.8410365570125876,-0.28960179317832735,-0.3175665752973079
-0.928671264661423,-0.7112280395824098,-0.10372171912252018,-0.5094803492920641,-0.4221691377329842,-0.5114677869461746,-0.42592145017201305,-0.5125762064993586,-0.035837169139203456,-0.13663710284205136,-0.10977835743177665,-0.03781596371235176,0.1303265988121898,-0.10946925870783492,-0.1895735868035989,-0.6251713637572044,1.2033136147259296,-0.416993788486298,-0.17456561929872408,0.07963346023816795,0.12891416926519675,-0.271643301880036
-0.6885368400403997,-0.6116790134345356,-0.430139297193094,1.400205332640102,1.7522719843915053,1.4974278615245913,0.9990280861264448,1.4972937749621567,0.796496323738619,0.6096662960106248,0.8478964303949729,0.6104402825807435,0.7555899675641949,0.8475969830439752,1.7407615508203382,-1.3557363096525339,0.6812299475904259,-0.5108643587354084,0.483660216402779,-0.3038633017966162,0.11884796691187291,0.5612062489807086
-0.8307842935214353,-0.621232381341543,-0.07031002933985359,-0.4635099818232858,-0.4221691377329842,-0.5145823538430285,-0.4663455504925366,-0.5146525184636784,-0.6964987509784852,-0.6903460761843596,-0.6128370981189797,-0.7407539716120775,-0.6526262135530189,-0.6131556455090795,-0.5042527494223787,0.8804258124481059,-0.04711175090072454,0.800939090196635,-0.10518918882241145,1.270105429203733,-0.4715195795353907,-0.2363474494460254
2.061489265963395,0.5625393092655089,-0.28788177235390133,-0.7086852749901035,-0.9657794182641067,-0.59556109316123,-0.692046777282127,-0.5956286850721486,-0.32512686179307076,-0.37738013473001153,-0.2066637445270899,-0.3437168329900227,-0.5009806162107048,-0.20635591264247624,-0.4638102288836474,0.5194816111506505,-0.2996674565728983,-1.6514363835190353,-1.0585401277956918,-0.6743635366482267,-0.3962276797815855,-0.9933910098835514
-0.13312168241938474,-0.3605280769701444,-1.1224304689067375,0.22029923427479173,0.12144114279813828,0.3792983455540409,-0.01494309691335617,0.3781616261938129,1.1663667093289443,0.970780843842565,1.6071424927284368,0.5026617379647765,0.6055926919321236,1.6068529730125591,-0.052341663177791764,0.007565556425894696,-0.13005164240845052,0.1520908553508437,-0.5420167473178402,-1.3107221205006685,-0.6410754505582029,-0.746971828539875
1.1962979607423732,0.17794575685329325,1.9564579438369778,-0.8600044012414988,-0.9657794182641067,-0.7481748711070711,-0.8200564282971184,-0.7492757704318098,-0.9527553645403884,-0.9070148048835238,-0.9742941192053404,-0.8715147058888021,-0.8658091547443878,-0.9743068587333998,-0.5740047370931118,2.1797381716859396,-1.5192244713295309,0.43284704606681357,-1.9535628167903154,-0.700244979617008,0.1324525616640602,-1.6787823327977616
-0.12385604545651602,-0.38022132415507404,0.668201046330142,-0.47883343764621195,-0.4221691377329842,-0.4460618821122426,-0.41581542509188213,-0.4471723796232867,-0.6339361011830986,-0.6373826091690084,-0.6351952643717443,-0.5996908764529442,-0.5350459315557173,-0.6355141041093814,-0.45949333062389525,0.25658234914793693,-0.89481236661956,0.908079322208706,-0.02349873745443842,-0.12952629879942953,0.711673423452845,-0.13106748897775503
-0.23031124002453332,1.7422843737299378,-0.7525513101569162,-0.1972649368999446,-0.15036399746742293,-0.4180307800405576,-0.223800948569395,-0.41914216810497007,-0.5258278423366708,-0.4977516506739915,-0.6174950494216389,-0.522819414484203,-0.2520840379640804,-0.6171925894230228,-0.18230302131348997,0.14096740966984558,0.6460045110427429,-1.351822347005493,0.22223532132634016,0.16264753749404837,-0.32310423065867677,0.09489224989087036
-0.9320587018306442,-0.5978734380883992,-0.08357396648975633,1.2201547267207202,1.7522719843915053,0.9648369221625743,1.851302867884151,0.9657579120963014,1.6653664040969471,1.3896737193276154,1.7310439973791736,2.349954293110504,1.0616283650992278,1.7310666319031252,-0.20320589709755324,-0.4412286457883085,-0.809824935962644,1.9026486624920231,1.797325177408989,0.09752848764782367,-0.1542221014889626,2.217846634271559
1.1195575642837723,0.2302580595129172,1.8939999106754104,-0.833188353551378,-0.9657794182641067,-0.7232583359322399,-0.7526829277629123,-0.7233218708778131,-0.9182207818533349,-0.887755362332487,-0.9239882451366201,-0.8200029014767589,-0.8691057981648731,-0.9243108610299471,-0.5776400198381664,1.9721518732234007,-0.33830869302823496,0.35941794380097997,-1.292948638110127,-0.6382634501690113,-2.200164005431019,-1.2511446339806849
-0.036853706985274355,-0.3547644748444291,0.7935968210492957,-0.43669393413316504,-0.4221691377329842,-0.37754141038145694,-0.4427648253055646,-0.3776159288185751,2.4331352423859305,2.2948675192263455,2.598354529934333,2.4585253270251175,1.7346930634482667,2.5980779709592747,-0.227971260798237,-0.4379749420506511,0.002213564243041181,-0.08368682478037755,-0.6819628489948129,-0.24173295715186538,-0.12254126235217427,-0.8335599009585847
-1.018413442019534,-0.6926965360744834,-0.20206194030624794,-0.5592815807165739,-0.4221691377329842,-0.558186290398983,-0.5674058012938458,-0.5572169137322333,-0.8706731680088411,-0.8010878708528213,-0.9016300788838555,-0.8509099841239847,-0.7652615304195927,-0.9016418682824188,-0.5058431856233401,1.0309638387103857,-0.8492327866018008,0.6870093055952825,-0.6000871753927179,-0.09627850359133058,-0.500495469899,-0.5435042197356147
-0.8639861593050495,-0.8015507907032092,-0.10321802530670106,-0.6052519481853522,-0.4221691377329842,-0.5519571566052752,-0.6314106268013415,-0.5520261338214338,-1.0283310454932153,-0.9455336899855973,-1.0637267842163987,-0.9816707184007093,-0.8954789455287537,-1.0634301589873807,-0.49016602878529253,0.8537454417993154,-0.17964866890850717,0.07533068572887454,-0.716063286138254,-0.5944621772577818,-0.8962189949862368,-0.7528931358652677
-0.9971672368331702,-0.6930349080192417,-0.15166857330453765,-0.37540011084146063,-0.15036399746742293,-0.3931142448657263,-0.2541190238097876,-0.3921501125688134,0.8915915514276065,0.6530000417504577,0.7016367594914711,0.8822641120166013,1.009431510941547,0.7013353997003341,-0.0871040544273753,-0.5791856842649798,1.427368739918615,-0.19683389956580735,1.209892396507087,0.9104811049815522,0.12855484027687744,0.5509986221735014
0.011093473534948255,-0.24733138238368782,-0.8637477163539314,-0.3198525834833536,-0.4221691377329842,-0.35262487520662567,-0.30801782423715246,-0.3527001852467382,0.520219662242192,0.3592935428471464,0.3625379046578749,0.5795331999335176,1.0945947993040783,0.3622321109290891,-0.18457507302914902,-0.4750671646599455,1.2441285420315922,-0.3641699771884677,0.45779332641032966,0.1360840248734783,0.40811778386942077,0.5544674477335266
-0.9478501368695125,-0.8084761365059279,-0.13204849990739392,-0.6033365162074864,-0.4221691377329842,-0.5768736917801065,-0.537087726053453,-0.576941877393271,-0.7981004942461928,-0.7625689857507476,-0.7637547203251406,-0.7344140572229029,-0.7691076144101586,-0.7637647069138906,-0.5135681614565809,0.9374740846483643,-0.9201106346856234,0.7699219384214778,-0.26803490168589184,-0.3560478307916481,-1.045864546579903,-0.281784645396287
-0.6922729839770403,-0.60591541130882,0.05292705759721826,5.112312505743951,5.829349088374923,5.602427031578032,3.919669334284276,5.603200684404456,3.04324620319054,2.8678359351196905,3.471254604052683,2.323009656956512,2.0127099919091758,3.471299992959953,6.548195775983343,-2.77999089241641,1.6544320979845175,-1.130588507407341,1.8412973080956612,0.4195645734232498,1.4899151333065974,1.7828735845886972
0.42177041505050017,0.8347369806938622,-0.8298083473356447,-0.1455482734975691,-0.4221691377329842,-0.35262487520662567,-0.30128047418373183,-0.3527001852467382,0.0877866268564805,-0.06922905391342246,0.07560810441406286,0.08264240968196428,0.15999638959655574,0.07560909303910825,-0.04007258391323279,-0.6817858087924421,1.7110256919090596,-0.6170762605006874,0.8208987126650341,2.12186160909104,1.421882178184874,0.7473739188454818
2.280427300650544,0.8732437080073497,2.9989122592240953,-0.37540011084146063,-0.6939742779985454,-0.20624023105449235,-0.4090780750384615,-0.20632019176219593,-0.6009030220911344,-0.5507151176893428,-0.5103621694604753,-0.5854260690773015,-0.7020758648602952,-0.5100583086299098,-0.3663392102818738,-0.03364802425109865,0.21351766364408667,-1.313123717501983,-1.5131387823519258,-0.6890218335284853,-0.74547549370604,-1.2522493554966163
-1.0714666859198327,-0.718717338626392,-0.2583077497393801,0.26243873778783844,0.6650514233292605,0.021123152415842453,0.524044907360292,0.021035968330816314,0.30900815653296726,0.1859585598878152,0.3727853975237255,0.3505037926245878,0.147908697054777,0.3731008060820137,-0.38451562400714623,-0.056640863997210154,0.3975924035540014,1.8640592483116638,1.1544774409646283,0.1444672809572811,-1.1754151235698709,1.3860576160661087
0.9862270409981857,0.159166113919211,-0.8117233408057594,0.22796096218625478,-0.15036399746742293,0.32635070830752455,0.10296052902150427,0.32729198306797896,-0.026828147568667818,-0.0981182177399777,0.12964033952491066,-0.03543849581641141,-0.24658963226327196,0.12933150050927805,-0.3895141377815962,0.05441889024816073,-0.03158538768411516,0.39283783268547856,-0.1547794170224662,0.6452428193005295,0.535911641360941,-0.2640980539262241
-1.0642434743089941,-0.8140931107889146,-0.21904361752529167,-0.2508970322801861,0.12144114279813828,-0.21246936484820017,-0.23390697364952578,-0.21254912765515527,-0.44174364101167124,-0.4303436017453628,-0.3240441173541038,-0.5077621178099136,-0.44933320262310505,-0.32435888858851375,-0.49743659427540154,0.7622079099798886,-0.3619087651174818,1.6065477188732022,0.1872832342119339,1.096586909788693,-1.3272515838562045,0.21044612045730338
-0.6002393050044561,-0.6194615681639751,0.10708613550767122,-0.30069826370469593,-0.15036399746742293,-0.561300857295837,-0.5909865264808178,-0.5613695376608727,-0.30010180187491614,-0.32441666771466027,-0.21970600817453587,-0.5077621178099136,-0.3218629903643481,-0.21970888097321206,-0.49471013221661064,0.8125318611223221,-0.780450997552221,1.2151382032504399,-1.0778302323293,0.5359504585511906,-0.4248691945588422,-0.6858475870633859
0.361045622266966,-0.017678343476270484,-0.8412014217410768,-0.39263899864225243,-0.4221691377329842,-0.3899996779688724,-0.37539132477135856,-0.3890356446223337,0.6273269186918938,0.3929975673114608,0.5553770885879696,0.5391162457025299,0.9413008802515217,0.5556948846511456,-0.3138548156501495,0.17025074330876205,1.1475060429392294,-0.7121481993044675,1.2545318856955978,0.44316418337513797,1.3045462914575547,0.8409217368145594
-0.014685919627872876,-0.3551028467891873,-0.9187222985376154,-0.6761229313663855,-0.6939742779985454,-0.6983418007574086,-0.7055214773889681,-0.6973679713238162,-0.6354376047781878,-0.6614569123578045,-0.5289939746711125,-0.7035069745756771,-0.7070208299910228,-0.5293114257579475,-0.4663094857708724,0.7025566747895042,-0.2524770163714158,-1.1819015067349035,-0.3967773851109448,-0.28517459333760625,-0.6696645631913303,-0.4360810995264372
1.7417998831181682,0.49851933731724973,-0.3711831353224591,-0.7335858907023584,-0.9657794182641067,-0.59556109316123,-0.6987841273355475,-0.5966668410543084,-0.5963985113058666,-0.6277528878934899,-0.5765050779582372,-0.44674044181410877,-0.6553734164034231,-0.5765126161363625,-0.5362886786131714,0.9663235911222601,-0.5126600479737491,-0.5951057779932857,-1.5031805276641055,-1.73960751754539,-0.18072261437748657,-1.226454108099616
-1.3070181073119105,-0.9561190950687731,-0.4440028698380196,-0.07850815427226729,0.39324628306369946,0.018008585518988544,-0.03515514707361803,0.017921500384336642,-0.33563738695869566,-0.38219499536777074,-0.24299576468783232,-0.3476792794832567,-0.42955334210019436,-0.24268840786796667,-0.3236246380274834,-0.24882629810150397,0.5220847246201791,1.254856175770036,0.6110642597641737,-0.9883884043317348,0.08564497025512234,0.6086098492293284
1.1214256362520925,0.2763555974538146,0.8287354610576279,-0.5190575091813929,-0.6939742779985454,-0.5083532200493207,-0.4831889256260882,-0.5084235825707193,0.21491393124070596,0.007808716290724575,0.39421197351595805,0.1714012111304076,-0.0015391380072137262,0.39421712809340986,-0.21206689878862361,-0.6466458084257422,1.0234212889074876,-1.0415962215923542,0.08707055943171435,1.0429142288261222,0.17852652305517958,0.003189316853397988
0.9809466242344004,0.33431871159090126,1.3108903698955057,4.711987222370007,3.111297685719312,4.53101601906029,5.388411645929969,4.531823710815467,4.409614474721782,4.846743657238722,3.74048418934639,4.818558458395335,6.178568394262168,3.7408436327524806,4.328628454956007,-2.8723960785658784,1.2135513104718818,0.8985229814329097,3.0201232749557017,2.7759540038899866,1.7098993343637,3.510724318796492
-0.633490986040559,-0.6399330708218486,0.19045945473563175,-0.4041315905094471,-0.4221691377329842,-0.6485087304077463,-0.648254001934893,-0.6485746401623022,-0.40070254274589756,-0.41108415919432595,-0.28771209719336144,-0.6242580447109954,-0.4702119442861772,-0.2877158592157968,-0.4953917477313084,0.6526665508120915,-0.39827927095238924,0.8600063774679853,-1.2971259114103364,-0.0770689419436822,-1.0522526174833513,-0.9971912518983557
-0.918558768406249,4.480514220426692,-0.6694658159665666,-0.2892056718375013,-0.15036399746742293,-0.2841044034758398,-0.3214925243439937,-0.2841818904241865,-0.7195218061031874,-0.6807163549088412,-0.7563019982408857,-0.7035069745756771,-0.572407890321215,-0.7563118873804566,-0.2872718105769385,0.49345198124939155,0.6367275090208192,-0.9338553053029462,-0.7002263197382855,-0.9094915475193787,-0.5790387979290526,-0.9828630138367244
-0.8190278939341389,-0.7176458274679909,-0.008451631673308447,0.6148782217151388,0.9368565635948221,0.36684007796662527,1.3190522136639233,0.3657037544078944,0.8025023381189763,0.7733715576944378,0.6485361146411551,1.3205106941682903,0.3902119884604311,0.6488551288190697,-0.327032715600972,-0.0661850616276718,-0.8272144627652468,1.931499710358,1.3365220433921496,0.8986254943068259,-0.5150982007298509,1.637205005497972
0.5169175473036179,0.4081853071316251,-0.47679093870586264,-0.3600766550185345,-0.4221691377329842,-0.25607330140415474,-0.334967224450835,-0.25511352292371,0.4951946023240373,0.5278136651687185,0.65598883672541,0.5058316951593637,0.11659058456016859,0.6559974142052775,0.023317658953654997,-0.4698612386796935,-0.5081962185489742,-1.1114212181941727,-0.8002528415193866,-1.2983704591700953,0.6575020831235653,-0.8453804211790513
-0.3797071822376748,0.0985073032888837,-0.7387357083515923,0.10920417955857749,0.12144114279813828,0.18930976484595313,0.13327860426189705,0.18921723744071584,0.6913910720823698,0.7011486481280498,0.8898179921189063,0.560513456765994,0.37757485534857155,0.8898296270667676,-0.1575376576128062,-0.7327605006824071,0.36105693010991813,0.40996643586647896,0.2420168697776203,-0.8232159372013089,-0.7574506313098093,0.2244539892793148
-0.009679486752774427,-0.2138438389174474,-1.0917291315615738,0.18199059471747653,0.12144114279813828,0.05849795517808922,0.24781355517004733,0.05840958368857168,1.2109113159832592,1.1874495725417293,0.7817535218972108,1.356965201906044,1.776999987344492,0.7817637438319753,0.1132909068937538,-0.9550969227556588,1.5963926114854292,0.009273617775797957,1.6099696299166295,1.6273115064786625,1.784233023481988,1.8543269722391458
-0.94929477919168,-0.6660328268275341,-0.15200436918175028,-0.053607538560012394,0.12144114279813828,0.021123152415842453,-0.0991599725811138,0.022074124312976146,0.0877866268564805,0.14262481414798234,0.011328376437364736,-0.10914000059056529,0.2187865305952064,0.011639058710466839,0.033769096845686644,-0.4978430908235462,0.7471393594449333,-0.6295268073400111,0.36839427934887836,-0.0014956245254963284,0.12207693712634944,0.3171290772508066
-0.9018706588225868,-0.7992724196085037,-0.17949166027359229,-0.44052479808889655,-0.15036399746742293,-0.49589495246190507,-0.29791179915702154,-0.49596571078480073,-0.5948970077107775,-0.5988637240669348,-0.7153120267774841,-0.5045921606153263,-0.32076410922418647,-0.71532137994657,-0.38769649640906895,0.3027849422226715,0.9966577203128577,-0.8990702248790473,0.05560046416581114,-0.4349446876040041,-0.9151810851406517,0.06793704490214222
-0.8569123934516762,-0.7585775537189127,-0.1180889855832649,-0.396469862597984,-0.15036399746742293,-0.4086870793499959,-0.5606684512404251,-0.40979876426553125,-1.0333360574768462,-0.9503485506233565,-1.0190104517108696,-1.022087672631697,-0.9460274779761918,-1.0190237759340035,-0.21297571947488728,1.1190307532096442,-0.41987061980048707,-0.348952642162627,-1.1273562377446593,-0.914067614819561,-0.16337251399011296,-1.068467884106255
0.010296429495132002,-0.32766088206929417,-1.1598717092159572,0.36970292854832115,0.12144114279813828,0.25783023657673887,0.30844970565083263,0.2587736882454274,0.356555770377461,0.15706939606125997,0.03275495242959755,0.41469542581498003,0.8363577313660799,0.03244484657463675,0.27483378387711294,-0.8995670456329734,1.545999858870521,-0.27068166057039006,1.4737400728670478,0.4453964113264466,0.8627038888556579,1.721340596151314
0.5293713604257537,0.5100014253093793,-0.9558757138092236,1.365727557038518,0.9368565635948221,0.8682853483601033,0.6924786586958072,0.869209405755433,-0.3951970295639036,-0.18960056985740262,-0.33894956152261363,-0.3920586802074784,-0.47570634998698563,-0.3389539935081554,1.8298259780741732,-0.824298032501834,-0.9048171669172628,-1.151758077544963,-1.0316512578380836,-0.845711834443939,0.7131381881482838,-0.8599848396196654
1.087003296782509,0.13656286800936038,1.8688392053042564,-0.6857000912557143,-0.9657794182641067,-0.558186290398983,-0.6415166518814723,-0.5582550697143931,-1.0008034795832452,-0.9551634112611157,-0.9957206951975731,-0.9349138497805471,-0.9509724431069194,-0.9957337148920223,-0.527654882093667,1.1044975431814414,-0.7625374559910577,0.40790954728044987,-1.5539062891587803,-0.6088724488101175,-1.6222631786062665,-1.3699132441584785
-1.00299562137433,-0.7277067532921359,-0.3229964269424324,-0.2777130799703067,-0.15036399746742293,-0.2747607027852782,-0.15642744803518893,-0.27380033060258774,1.0917920307728433,0.8696687704496217,1.1776793826232501,1.1786551097105102,0.879763536402467,1.1780053156928803,0.23370964782368395,-1.0707118622337501,1.2086605060586493,-0.1882240915906602,0.9530217345540715,0.9605822212220303,0.6946477172910381,0.7159998277930275
-0.6352594275039023,-0.6320377254441562,-0.04716409923197607,-0.08042358625013314,0.12144114279813828,-0.07542842138662845,-0.13621539787492706,-0.07655069399221179,0.06876758131868273,0.21003286307661123,-0.2532432575536828,-0.16619923009313592,0.3143891897892741,-0.2535571030208913,0.00036993662549848375,-0.4407948186232878,1.4957332579567482,-0.7843941355694886,0.16786375334393774,0.09359728620024149,-0.7260692329966197,0.07803419955775595
-0.353952696701098,4.418896689286218,-1.150877176790616,4.528105752494893,4.742128527312679,4.699202631490402,4.276748887115568,4.7000049799253665,3.163866991996045,3.0556154999923,3.651051524335332,2.492602366866931,1.917656773285189,3.651409798351273,5.286752663449432,-2.428157061584395,0.9272451727576023,-1.4114175083387455,2.2425100747998234,0.5455614400082132,0.7409487546400532,2.598301677143202
0.6544823670507312,0.35124858789363855,0.7372790553567604,0.11878133944790625,-0.15036399746742293,0.14259126139314462,0.20402077982281344,0.1414620622613616,0.6083078731540964,0.7059635087658089,0.6196568165646678,0.719803805794004,0.5066933893175708,0.6199754531270131,1.0364255189660296,-2.129467058467451,0.8747369531544317,0.48361396877861673,1.2094316678342698,1.8463302723012054,3.186976038333108,1.3534130952703336
0.22749093034518125,0.040126863753262174,-0.8756924554147844,-0.2777130799703067,-0.4221691377329842,-0.20312566415763844,-0.35517927461109666,-0.2021675678335564,-0.6539561491176223,-0.6133083059802124,-0.7814549352752459,-0.6361453841906978,-0.4031801947363138,-0.7811546191585698,-0.33884738452239915,0.8665433431674345,-0.7086221597213812,0.08809067598379625,-0.8906701454860146,-0.20812552521827785,-1.088025814542661,-0.8211649255498333
1.223198197086187,0.5251717674993738,1.1999578033163003,-0.7527402104810159,-0.9657794182641067,-0.7637477055913405,-0.7594202778163329,-0.7627717981998882,-0.2180196053433689,-0.32441666771466027,-0.1461103775925192,-0.23910824556864302,-0.2894459967295781,-0.14580175393332537,-0.3663392102818738,-0.21759074221999378,-0.032303481982883527,-1.611809423768733,-0.4224339222143911,-0.07479951019318512,0.45559662179126076,-0.5501215016160441
-0.09329438805479454,-0.38822946018101917,0.4669633742005137,-0.7469939145474187,-0.6939742779985454,-0.7139146352416781,-0.7560516027896227,-0.7129403110562142,-0.8766791823891984,-0.8155324527660989,-0.9053564399259829,-0.8255503265672867,-0.8097662165961413,-0.9056788121963621,-0.47335284608941547,1.244623717483218,-1.313150815537082,0.018502312582139156,-1.2273036445011358,-0.2030038021966647,-0.9971305525391446,-1.0682248453727499
-0.24662573521453132,-0.36739702744873676,-1.1592241028813326,0.8696306747712855,0.9368565635948221,0.9399203869877432,0.36571718110490775,0.9398040125423045,1.144344656600968,0.8792984917251401,1.4161664893194057,0.44560250846220567,0.47207863340247735,1.415874472468314,0.5045382123302439,-0.29177518743858105,0.12060208376968937,0.22728560534096762,-0.1777237049287619,-0.9280438420480308,-0.6874363760719384,-0.26507020886024385
-0.16413167709350313,0.1569215800189812,-0.7771843362924501,-0.2892056718375013,-0.4221691377329842,-0.29656267106325546,-0.28106842402347015,-0.29767791819226486,-0.5898919957271466,-0.4688624868474363,-0.6976118118273787,-0.5671988152084247,-0.3883452993441309,-0.6973103994074379,-0.302948967414986,0.7452886505440706,-1.3783130211617893,0.14005896725026912,-0.5518353872563223,-0.37881655589499386,-0.1990658601631298,-0.5145273743727318
-1.2213358730316155,0.12647938405556508,-0.8675853835220768,-0.026791490869891802,0.39324628306369946,-0.091001255870898,0.05579907864756006,-0.09108487774244997,0.33503421884784806,0.41225700986249764,0.09330831936416809,0.3053319026017195,0.6852615745938465,0.09362007357824043,0.051263895056261395,0.08305148313954493,0.21287720116140144,0.34567501563769265,0.0995577026125531,0.12654745101483303,1.128854378891157,0.10980599035594527
-0.9762946460404707,-0.7939938172702752,-0.890275590653737,-0.1263939537189114,0.12144114279813828,-0.1439488931174143,-0.1429527479283477,-0.14506898881476354,0.4561555088517163,0.5326285258064778,-0.04922499049720611,0.1064170886413686,0.8687747250008501,-0.04953616829313685,-0.1336811145983861,-0.2703007427700425,1.4782078754760004,-0.4438971630893969,0.4586989607510391,0.40403818789525986,-0.6060259021559244,0.3907808607179586
0.8284372287407242,0.19369133134937683,0.8467485113281108,2.346428729705789,1.4804668441259445,2.272955018841212,2.6799969244548856,2.272796293635582,1.3675681910709072,2.352645846879456,0.9941561012984743,1.4694986823138916,2.0473247478242698,0.9938585663876167,1.8836736037352932,-1.9856533532629963,0.06809386416651768,0.7966978951475665,1.1118018659168138,1.4088756001767386,1.4094454026447236,1.0153793586104594
1.3611615388532077,0.6655058920554412,-0.5357710859962982,0.21072207438546295,-0.15036399746742293,0.25783023657673887,0.2343388550632061,0.2587736882454274,1.8155167636058749,1.3270805310367457,2.221060474418931,1.6985280896228216,1.0610789245291468,2.220778982079181,0.3582180818418004,-1.3090998894127786,1.024110271275225,-0.9649634698473953,0.2498827647553538,0.7722069846643927,0.6766089030093867,0.2446814402360202
1.2391390778825206,0.18878493815038233,1.9672993535869887,-0.8983130407988139,-0.9929599322906627,-0.782435106972464,-0.8503745035375112,-0.7814586058787659,-1.0708736473540783,-1.0129417389142261,-1.0842217699480996,-0.9903881006858243,-0.9927299264330639,-1.084546480998777,-0.5899090991027253,2.464979532687233,-1.5598259111409647,0.4175933059332565,-2.1278941696993807,-0.7828870188810038,-2.4222193388513493,-1.8231804821451656
1.396854167261249,0.6567646168158533,-0.5912733474156024,-0.1589562973426294,-0.4221691377329842,-0.044282752418089495,-0.223800948569395,-0.04332970256309593,-0.17347499868905378,-0.15589654539308817,-0.02593523398390966,-0.16065180500260814,-0.3592249491298458,-0.02593557310392921,-0.1934360747202193,-0.5501192642085749,-0.67088339312801,-0.6500774906464389,-0.48075751836807,-1.2072087498919393,0.9740010523070616,-0.4493929937934117
1.8813822205910664,0.5047679392304519,-0.02250708767664157,-0.7833871221268682,-0.9657794182641067,-0.6516232973046001,-0.735839552629361,-0.6516891081087818,-0.6769792042423245,-0.6807163549088412,-0.6426479864559992,-0.5545189864300757,-0.7136141168319929,-0.6423458553483625,-0.5092512631968287,0.6212140813480705,-1.8959619708035493,-0.6761617503258989,-1.5222016411139887,-2.732924153344838,-0.6871868420522719,-1.3038840391512538
0.5096943356927793,0.18679982274113383,-0.946521400086869,-0.381146406775058,-0.4221691377329842,-0.3370520407223561,-0.3518105995843864,-0.3381660014964999,1.8165177660026008,1.707454521419723,2.0086578950176666,1.8974429035831724,1.2467898372164734,2.008373625376313,0.35276515772421857,-1.5062743359148136,0.9564444395818389,0.45469011069720505,-0.09723300964010548,0.9070831579890051,1.5299229226796385,-0.17147820203052858
-0.07458876074534636,-0.35356889397295,0.7338731257450315,-0.48074886962407765,-0.4221691377329842,-0.433603614524827,-0.42255277514530276,-0.4326381958730484,-0.27357523836167214,-0.28108292197482754,-0.2895752777144252,-0.22642841679029393,-0.21142543577809778,-0.2892685299519289,-0.4658550754277406,0.31449827567823757,-1.4401952825569888,0.7346999967049705,-0.5423006306414953,-0.5385944721430912,-0.32379044921275874,-0.7232534575928259
-0.7745926887143584,-0.5912413479711378,-0.464006709951978,0.15325911504949008,0.39324628306369946,0.21734086691763815,-0.06547322231401083,0.21828560494119237,-0.40270454753935003,-0.34849097090345627,-0.39763974793612067,-0.4522878669046364,-0.41856453069857746,-0.3976449473339477,0.12033426721229684,0.2754538308263495,1.075880988625607,-1.733366078436863,0.2268333004045557,0.04815904612471928,0.7627280838764969,0.12120671640035821
-1.1115679641731102,-0.6782367749684812,-0.27020451796063133,0.21838380229692586,0.6650514233292605,0.011779451725280728,0.42972200661240356,0.010654408509217643,-0.18949103703667275,-0.19441543049516183,-0.13865765550826434,-0.1986912913376554,-0.2559301219546464,-0.1383489343998915,-0.3692928775122306,-0.14210481550634355,0.34158104825008273,1.821610892713269,0.9579743350956068,-0.26155018085292575,-1.0158156599317303,1.1834406428291155
-0.03600684769296932,-0.42239374753677605,0.4489503239300307,-0.905974768710277,-0.9657794182641067,-0.8416118780126881,-0.8840612538046142,-0.8416716528440386,-1.0378405682621141,-0.9744228538121525,-1.0963324433350137,-1.017332736839816,-0.8460292942214774,-1.0966573127406072,-0.5506026044218235,1.7884260688370162,-1.8383203473618865,-0.7807354222438999,-0.9869317228599526,-0.8180198065813188,-0.2423250778124173,-1.043346516833973
-1.0621014184519866,-0.7521710448981567,-0.16366128320499226,-0.29303653579323286,-0.15036399746742293,-0.26541700209471647,-0.2541190238097876,-0.2654950827453088,-0.3281298689832492,-0.38219499536777074,-0.18616875879538908,-0.4237582521533511,-0.3855980964937266,-0.18648172721998565,-0.4958461580744402,0.8144840833649165,-0.6188991882833995,1.7647461144588152,0.3401446309677172,-0.3073976627195209,-0.4196389615066443,0.3859642749084974
0.6666123810316913,0.07286998894103443,1.4707052220289636,-0.6952772511450431,-0.6939742779985454,-0.5986756600580838,-0.648254001934893,-0.5987431530186281,-0.8276300649496152,-0.7914581495773029,-0.8438714827308804,-0.77245354355795,-0.7377895019155503,-0.844193051045532,-0.5521930406227848,1.0964717406285536,-0.9405569142464957,0.8600973902372792,-0.7197156079809508,-0.17801525040840652,-0.3108845497156362,-0.7472921977794951
-0.7589506994329558,-0.7301994266185216,0.012871406529699774,-0.4194550463323732,-0.4221691377329842,-0.688998100066847,-0.6853094272287064,-0.6880245674843773,-0.7090112809375625,-0.6807163549088412,-0.6538270695823815,-0.8382301553456357,-0.6224069821985722,-0.6541461529429662,-0.49970864599106063,0.7131854403325181,0.3675780026608931,0.6391911966085821,-0.747673926918492,0.4751966544764136,-0.8473302898532844,-0.8915356861146688
-0.7782790173985105,-0.7464187218372668,0.03899152869288991,-0.23557357645725996,-0.15036399746742293,-0.5488425897084214,-0.5236130259466117,-0.5489116658749543,-0.7430453624262527,-0.7336798219241926,-0.7236963391222707,-0.8588348771104529,-0.6042754433859041,-0.7233952677744567,-0.41405229631071405,0.3207887695710418,0.764557998178567,0.2676042621378986,-0.7079321231367774,0.4928684590909386,-0.7836916288178798,-0.836354846393891
-0.2806495526642061,0.25565851349943586,-0.7430770693355568,-0.5324655330264532,-0.4221691377329842,-0.5862173924706682,-0.5236130259466117,-0.5862852812327097,-0.7981004942461928,-0.8155324527660989,-0.8010183307464148,-0.7700760756620095,-0.6449340455718869,-0.8010288045810604,-0.41405229631071405,0.7574358111646582,0.6318755205156282,-1.105123134559077,0.31524201351069936,-0.20416952123790333,-0.47021701195273413,0.2763427588826163
0.4385332475128951,0.1525453028667746,-0.92675741417092,-0.36773838292999755,-0.4221691377329842,-0.29656267106325546,-0.4191841001185924,-0.296639762210105,-0.5663684394040811,-0.5266408145005468,-0.6920222702641876,-0.5473865827422543,-0.3630710331204118,-0.6923418530518153,-0.35588777238984215,0.9164334671448473,-0.7975397010675019,0.035649118316996735,-0.46983499114481736,-0.004595941124535783,0.4883828966351686,-0.6868197419974057
1.140604508460182,0.16606890159227905,1.8697026804170893,-0.7776408261932709,-0.9657794182641067,-0.6578524310983079,-0.7425769026827815,-0.657918044001741,-1.0423450790473818,-0.9936822963631894,-1.0506845205689528,-0.9658209324277731,-0.9729500659101532,-1.0503877248038715,-0.5667341716030028,2.007942614337632,-0.6634598507150685,0.42043290433520825,-1.8650489272396702,-0.6613546081986572,-0.7258396616985272,-1.5584671124976637
-0.9893213345662246,-0.8836623826312088,-0.4131816053938513,-0.5707741725837685,-0.4221691377329842,-0.5426134559147137,-0.5236130259466117,-0.5416445739998352,-0.8136160313954487,-0.7818284283017845,-0.8233764969991795,-0.7566037575850136,-0.7608660058589459,-0.8230767290341358,-0.4960733632460061,1.0550412463690502,-1.1698715949788072,0.8690348441818815,-0.24636855411854167,-0.42782636069260965,-1.3510820827343024,-0.3302819199456791
0.749355515415162,0.24842863294643458,1.132127036119329,1.568763346692289,0.9368565635948221,1.5690629001522307,1.5514907905069342,1.567888381749028,1.4776784547107875,1.5533789810114285,1.1488000845467625,1.7761920408902092,2.1022688048323537,1.1488151058535974,0.7715042889201832,-1.5869661886087156,-0.22110405869685443,0.910427451656474,1.305119893970925,1.6008472039892614,1.8674626004013672,1.3975909086924339
-0.9611259016577093,0.8631376659239042,-0.22688684980018894,0.42141959195069695,0.9368565635948221,0.08652905724977426,0.5442569575205538,0.08747795118904822,0.063762569335052,0.2629963300919622,0.1613144083829938,0.09056730266843238,-0.007582984278103001,0.16100598352637235,-0.34498192415467865,-0.005015431359713676,0.4576988371563011,1.791831514600502,0.9955884100974014,-0.06123252475578868,-1.4031124211748482,1.1800712422055244
0.6087768728924924,-0.02106206292385301,1.2921817424507964,-0.4520173899560912,-0.6939742779985454,-0.34951030830977176,-0.3956033749316204,-0.34854756131809866,-0.48628824766598633,-0.5121962325872692,-0.4451508512232454,-0.4063234875831212,-0.5059255813414324,-0.4448461377123627,-0.47153520471688826,0.33250210302660865,-1.3649700527725155,1.08990463270286,-0.4382476194894699,-0.10679477749527225,0.20735768368738233,-0.4832858499021894
0.5825740500835187,0.23127317534719194,-0.7238407626552278,-0.3581612230406688,-0.4221691377329842,-0.4242599138342654,-0.46297687546582633,-0.4232947920336096,-0.9652678944994657,-0.8588661985059317,-1.0227368127529968,-0.974538314712888,-0.7850413909425032,-1.022439651553494,-0.3408922310664923,1.1893107539430432,-0.9773932109779019,-1.142675003169491,0.900793718356513,0.681690141238837,0.653180153902951,0.2787731462176655
2.241795572345678,0.6330221853586503,2.8373704568649716,-0.8370192175071097,-0.9929599322906627,-0.7357166035196555,-0.7459455777094917,-0.7357797426637315,-0.8401425949086926,-0.8155324527660989,-0.7963603794437557,-0.7621511826755414,-0.8240516714182434,-0.7966813265198905,-0.5015262873635878,0.7993001325891822,-0.6066236573652675,-1.5230537711539076,-1.283583280724498,-1.6746744866951078,-0.1578752795368729,-1.3047236275033618
1.0992827565209347,0.25759851264938305,-0.559948389155615,0.29883194536728813,-0.15036399746742293,0.45093338418168066,0.301712355597412,0.45083254494500397,-0.4607626865494686,-0.5121962325872692,-0.32870206865676327,-0.4657601849816323,-0.6009787999654191,-0.3290169007969101,-0.30090412087089285,-0.5236558071422952,-1.2478042343491766,0.11392009990923367,-0.05396081423011699,-0.7703617398208842,1.2188887485268256,-0.07396443381925662
1.5861521267177143,0.4364168063892874,-0.48357881250952,-0.4654254138011515,-0.6939742779985454,-0.6796543993762851,-0.7762636529498843,-0.6797193196270983,-0.9002027387122636,-0.8251621740416173,-0.8876562249758776,-0.9737458254142413,-0.8009751674748479,-0.8873572975100037,-0.4499507134181272,0.628589143153427,-0.37159333417384194,-2.4800530402729515,0.1504426249214747,2.0170213029779216,1.327216457144205,0.12243295728304215
-0.12858849444292758,-0.3361089016234248,0.675420657690216,-0.3600766550185345,-0.4221691377329842,-0.29656267106325546,-0.34507324953096574,-0.296639762210105,0.546746225755436,0.42188673113801606,0.6997735789704075,0.5240589490282406,0.28471939900490817,0.700093263111428,-0.16980673687736508,-0.6297265489899241,-0.44992383660163643,0.28298542014846795,-0.25433311018580745,-1.7214024584758303,-0.12388874605837033,-0.25502829028042673
0.6189640920263993,2.7976100741067618,-0.7693650894373535,-0.35433035908493726,-0.4221691377329842,-0.5862173924706682,-0.5539311011870045,-0.5852471252505498,-0.9102127626795256,-0.8010878708528213,-0.9454148211288528,-0.884194534667151,-0.7592176841487034,-0.9454271830413433,-0.4101898083940936,0.723814205875532,-0.29487369192977014,-1.159840011458208,0.7126581897978488,2.063662465893871,1.0550222531523976,0.4683764999969856
-1.4403984458499852,-0.982106060426206,-0.6377810764095653,0.10537331560284596,0.6650514233292605,0.25783023657673887,0.042324378540718965,0.25669737628110756,0.029227986647998486,0.002993855652965369,0.1492037349960795,-0.014833774051594218,-0.18834893183470214,0.14951622007899495,-0.19002799714673077,-0.4390595099632041,0.7304679269410989,1.0883210105171555,0.5089183860881132,-0.2007839755117523,-0.40276796643702983,0.5640564304918116
1.8779698757956012,0.44925238216045005,2.6262747771971693,-0.672292067410654,-0.9657794182641067,-0.530155188327298,-0.6853094272287064,-0.5291867022139167,-0.7275298252769968,-0.7240501006486741,-0.6985434020879107,-0.621880576815055,-0.7438333481864396,-0.6982420018491171,-0.5249284200348762,0.9285806277654342,-2.3700885835537506,-0.6491309578457877,-1.4583353394115695,-2.5789624310365387,0.2601141661251567,-1.2819221754145358
0.04093280977558595,-0.3502415698494941,0.719769698902097,-0.9174673605774716,-0.9657794182641067,-0.8634138462906653,-0.8975359539114552,-0.8634729284693959,-1.0178205203275903,-0.9551634112611157,-1.0339158958793793,-0.9729533361155944,-0.8817429312767325,-1.0336188808536448,-0.5517386302796531,1.7489477968201066,-1.617050263571181,-0.7468058618513562,-1.212223390042582,-0.5220759853034089,-0.6589196283045143,-1.1353477246807469
0.7119442607962657,0.026896520713214973,-0.8383471567847686,0.37353379250405283,0.12144114279813828,0.5007664545313432,0.30508103062412245,0.499625876106518,-0.29759929588310063,-0.30997208580138264,-0.2420641744273005,-0.22167348099841294,-0.33065403948564176,-0.24237787372074038,-0.19275445920552162,-0.6288588946598827,0.865081496029103,0.25384313142075215,0.2174884198488292,-1.043970880319314,-0.5481714396963748,0.06610320718569597
-0.8551937672408217,-0.748324883792738,-0.606983797385198,0.08621899582418828,0.39324628306369946,0.14882039518685244,-0.1968515483557125,0.14872915413648077,-0.20800958137610712,-0.28589778261258675,-0.13772606524773237,-0.36035910826160583,-0.282852709888608,-0.13803840025266498,0.44296561083588326,0.030558396172006973,1.4640497730178548,-1.0853187559608555,1.340095250210221,-0.6319388043069707,0.14259861490367723,0.41847622912236093
0.569049209032879,0.36761451095511205,0.27512798663284144,-0.24323530436872304,-0.4221691377329842,-0.18132369587966107,-0.15642744803518893,-0.18036629220819925,1.7084095071561731,1.3704142767765786,1.8996618345354397,1.8221564202117249,1.1814064093768524,1.8993761396998416,0.49136031237942124,-1.6834927328258837,0.9904374710492035,0.3982621937353596,0.1523990929422053,0.9040572489883429,1.8529546924979894,0.12586864119758914
-1.6215267038983292,-0.9310682920918383,-0.7211783810573268,-0.2719667840367095,0.39324628306369946,-0.2841044034758398,-0.09579129755440348,-0.2831437344420267,-0.4777797272938138,-0.4736773474851955,-0.5150201207631347,-0.4102859340763552,-0.3520822217187949,-0.5150268549855324,-0.3397562052086628,-0.1225825930803995,1.0706214330859813,1.0411581934693677,0.39933197703730394,2.038190264716163,0.03326029350665011,0.4437191157613951
-1.0283017696385097,-0.7119273416015766,-0.39845455763609294,-0.2451507363465887,0.12144114279813828,-0.16886542829224557,-0.25075034878307734,-0.16894657640444055,-0.6714736910603306,-0.675901494271082,-0.6193582299427027,-0.6551651273582212,-0.6427362832915635,-0.6190557943063814,-0.2786380140574341,-0.10067432124683946,0.5457139086404563,-0.834979032742706,0.05741173284723005,-0.5177851471303382,-1.302849652073072,0.031061440700349257
0.25459042769894874,0.06826813049232251,-0.8961040476653581,0.18199059471747653,0.12144114279813828,0.10833102552775163,0.10632920404821458,0.10824107083224574,-0.7200223073015505,-0.6325677485312492,-0.8326923996044979,-0.7225267177432005,-0.5691112469007299,-0.8327032875981547,-0.2007066402103283,0.4659039562705596,-0.9982664655272313,0.24612524858468074,0.11295699548907136,-0.0714139644670341,0.7440903879476477,0.07055523489489969
0.06985056384518544,0.003593972784197486,-0.8231643860507931,0.0900498597799198,-0.15036399746742293,0.17996606415539126,0.12317257918176627,0.17987383360127698,-0.3776794876211954,-0.34367611026569705,-0.3193861660514446,-0.3484717687819035,-0.44658599977270075,-0.3193903422328911,-0.1457229886913791,-0.5394904986655603,1.1436535640661074,0.17225928502623883,-0.2470107819654986,-1.0328965494275453,-1.1585091937375034,-0.3047518057125025
-0.6747629227273175,-0.683030377519223,-0.03277284735143066,-0.381146406775058,-0.15036399746742293,-0.6671961317888696,-0.6381479768547621,-0.6672614478411798,-0.532834859113754,-0.5314556751383059,-0.4553983440890959,-0.7138093354580857,-0.5048267002012705,-0.4554042987180608,-0.49698218393226967,0.7259833417006372,0.0649691835691746,0.7536488552718348,-0.9403934730804384,0.8098696307095241,0.09449843727286973,-1.1442849217446325
-0.9227432496152863,-0.7416025611568742,-0.12398939885428846,-0.5765204685173658,-0.4221691377329842,-0.5488425897084214,-0.4899262756795088,-0.5489116658749543,-0.6869892282095863,-0.675901494271082,-0.7059961241721655,-0.664674998941983,-0.6603183815341507,-0.7056948213825511,-0.5103872890546581,0.9674081590348123,-1.3544509416932629,0.8060904129386343,-0.31467739714491266,-1.4558169373357146,-0.9713486976272587,-0.38825770510176333
-0.03261941052374848,-0.3758112098083918,-0.9004933794889243,-0.5075649173141983,-0.4221691377329842,-0.4803221179776356,-0.44613350033227495,-0.4793552150702427,1.415115804915401,1.6448613331288533,1.592237048559927,1.5328978262056372,1.0248158469038107,1.592568402240144,-0.32953197248819704,-0.15490271687446192,-0.5177352279501782,-0.38530314221837125,-0.4409449764466906,-0.6588619536530294,-0.7831950561187438,-0.5387207755716311
-0.090081304269283,-0.3538395915287566,0.7350723967350772,-0.5956747882960234,-0.6939742779985454,-0.5332697552241519,-0.5404564010801634,-0.534377482124716,-0.4767787248970876,-0.4688624868474363,-0.4442192609627136,-0.411078423375002,-0.47625579055706646,-0.4445356035651364,-0.4694903581727951,0.2873840778644264,-1.6616303339568708,0.6957465314474379,-0.5569359794321566,-1.4540683587738565,-0.46154570476934287,-0.5877814580941483
2.2271747957402908,0.6795144905684323,2.728860417685658,-0.8082877378391231,-0.9929599322906627,-0.7108000683448242,-0.7392082276560711,-0.7119021550740545,-0.8026050050314606,-0.7770135676640252,-0.7311490612065256,-0.777208479349831,-0.8344910422497795,-0.7308480873078906,-0.4965277735891379,0.726417168865658,-0.6746582401850485,-1.4567418674468084,-1.2258302435131163,-1.5447712211953548,-0.07032876407727234,-1.1805971179733004
2.656906071332711,0.7910080463662722,2.954131480455798,-0.5899284923624262,-0.9657794182641067,-0.4367181814216809,-0.5808805014006869,-0.4357526638195281,-0.5343363627088433,-0.4736773474851955,-0.4153399628862259,-0.49904473552479856,-0.6405385210112402,-0.4156559278730798,-0.3979207291295347,-0.13017456846826667,-0.5805005512533223,-1.6546036278904421,-1.7117956784207433,-0.8213929510410737,-1.2781557654869302,-1.480186545878759
1.2253900681956829,4.183987606170223,1.5139269485102025,1.8771478951286769,0.9368565635948221,1.787082582932004,2.0365799943532177,1.7859011380026013,2.0382397968774506,2.5885740181296564,1.7543337538924701,1.9061602858682871,2.15776230241052,1.7546672270923325,1.187744163228923,-1.452045940287191,-0.7101553880890219,1.0330034493406879,0.7318710408368232,0.4418868529363335,1.2881668784066822,0.6694468631116749
-0.6705784415182797,-0.5981554147090311,-0.3446552610226536,2.4690163762891975,2.83949254545375,2.53457863817694,2.1275342200743963,2.5333734451577103,1.8200212743911424,1.7507882671595558,1.8437664189035285,1.6668285176769488,1.7857910364657854,1.8437905273463135,3.1996459574450204,-2.006043230018982,1.3365880349865014,-0.8009948646885868,1.7856338382993795,0.20105425952294897,0.600501027011274,1.8659707370170635
-1.4540727326580907,-0.8423810053707035,-0.5495866878016221,-0.2202501206343338,0.39324628306369946,-0.24050046691988522,-0.08905394750098286,-0.24161749515563163,-0.1299313944314648,-0.19441543049516183,-0.17778444645060237,-0.10676253269462467,-0.04879102703416665,-0.17747623695041967,-0.3724737499141532,0.03880111230740487,0.4485965067205639,1.4472025623944949,0.6207525926032722,1.2320335413675285,0.09683906637733655,0.6825820019361002
-0.6797444479761716,-0.45685129057799023,-0.3980707909192783,0.6282862455601993,0.9368565635948221,0.7717337745576326,0.3219244057576739,0.7705845874502452,-0.12292437765438143,-0.14145196347981054,-0.12282062107922276,-0.22088099169976616,-0.20648047064737016,-0.12313276118579704,0.26506396149977896,-0.03234654275603566,1.3023329961398564,-1.6677276692225356,0.5665662468549926,0.6627534074519039,1.2434678494639215,0.4433103688005007
-1.445878123623725,-1.044930451502986,-0.5726606616500969,-0.07467729031653576,0.39324628306369946,-0.044282752418089495,-0.08905394750098286,-0.04332970256309593,0.05225104177270083,-0.15589654539308817,0.15945122786193017,0.020828244387512414,-0.04274718076327738,0.15914277864301396,-0.363385543051517,0.0416209888800416,1.3987808236460326,1.1040662196048965,0.5245738533139419,0.2833118595286637,-0.9388244335040001,0.557229251523355
-0.38082802541866667,0.0276296599268578,-0.7921272528284163,-0.1972649368999446,-0.15036399746742293,-0.15952172760168384,-0.10589732263453441,-0.1585650165828419,-0.15345495075453003,-0.23774917623499467,-0.13772606524773237,-0.04336338880287952,-0.15043753249912362,-0.13803840025266498,-0.1970713574652738,-0.7603085256612391,1.1877678435552994,0.3510811741337145,0.12886935385368248,-1.729773313293237,-1.4290489871789265,0.04972018710443195
-0.8261265674137567,-0.6490465552006704,0.016325306981030494,-0.6014210842296207,-0.4221691377329842,-0.592446526264376,-0.5269817009733221,-0.591476061143509,-0.7455478684180682,-0.74812440383747,-0.7944971989226919,-0.7312441000283156,-0.6493295701325338,-0.7945075874893057,-0.46676389611400426,0.6947477858191262,0.9241204921602603,0.8219266347956691,0.04140443645306784,0.3848534287804042,-1.3454850346731955,0.02410169514998101
-1.0853402337378921,-0.7718304548886104,-0.2327153068118101,0.43482761579575707,0.9368565635948221,0.16439322967112185,0.6082617830280496,0.16326333788671896,0.05575455016124251,0.055957322668316635,0.14640896421448404,0.10483211004407503,-0.0432966213333582,0.14672141275395723,-0.3365753328067401,-0.19871926054158123,0.5606677372134534,1.6907527330233632,1.2521239966520055,-0.06103410449344996,-0.9466772691028869,1.4942429941212787
1.1290473698828398,2.2803183240251896,-0.9410767097920629,0.178159730761745,-0.15036399746742293,0.07718535655921267,0.10632920404821458,0.07605823538528954,-0.40120304394426065,-0.2618234794237907,-0.3417443323042092,-0.4269282093479384,-0.5191121550233728,-0.3420593349804194,1.0364255189660296,-0.577667289187407,-0.4811997545060944,-1.365219426645468,-0.9919820537260253,-0.23803737976581044,-0.6372500940367234,-0.9530244856914151
-0.9681996675110823,-0.8529382100471605,-0.6594159250699855,-0.6129136760968154,-0.4221691377329842,-0.6204776283360611,-0.5876178514541075,-0.6195062726618257,-0.9572598753256563,-0.911829665521283,-1.0013102367607642,-0.9024217885360277,-0.7899863560732309,-1.0010127953948715,-0.44495219964367727,0.6706703781604617,0.5288095806883725,-1.0889774692864442,-0.9600028300075351,-0.9543345268078854,-1.197748418329973,-0.9699156776700074
0.4069752850614029,-0.03416833625082224,0.8949352197081372,1.7641374084345967,1.2086617038603833,1.6126668367081858,1.9793125188991425,1.6125290889819026,2.5252274628847395,2.530795690476546,2.0235633391861767,2.826240361597241,3.4478487609603516,2.023279264443181,1.106177506636763,-2.0225286622897793,0.5900125636928456,1.3570271105786937,2.2162801864590937,2.3327947492232877,2.5444109656521223,2.7392530953609002
-0.6101027249971881,3.213503031409114,-0.620943311709327,-0.1263939537189114,0.12144114279813828,-0.3245937731349406,-0.1496900979817683,-0.32466997372842155,-0.5453473890728312,-0.3581206921789747,-0.729285880685462,-0.5885960262718888,-0.4388938317915688,-0.7289848824245322,-0.0707452820746301,0.6637291435201261,-0.12666495443182715,-0.6339500279276653,-0.4721972727036258,0.6607940073613111,0.729278048540278,-0.6313074858218487
-1.311750556298322,-0.8920765649908636,-0.6858478576905875,0.7489584601657424,1.4804668441259445,0.8620562145663956,0.732902759016331,0.860904157898154,0.011710444705290451,0.3159597971073135,0.1315035200459743,-0.06079815337310958,-0.2163704009088254,0.13181577368708927,-0.10028195437819785,-0.5386228443355188,0.9080798181621005,1.2952840478901182,0.7119619775811475,0.4842743814784013,0.011074223818151648,0.7553389609753475
-0.07912194872180352,-0.4531855945097758,-0.9304031979806582,-0.7642328023482107,-0.6939742779985454,-0.7481748711070711,-0.749314252736202,-0.74823761444965,-0.9842869400372631,-0.9070148048835238,-1.0339158958793793,-0.9515561250521304,-0.8372382451001839,-1.0336188808536448,-0.4922108753293857,1.101026925861274,-1.978843638449213,0.0618607958734669,-1.1165333023759354,-1.7037058513285133,-0.9730056035178406,-1.056470608443239
0.8763844092609476,0.24265375175589393,1.2434673548351496,2.053367637092327,1.2086617038603833,2.0269042339897543,2.252175196062677,2.0257151698815323,2.0122137345625695,2.0541244873383855,1.7161385532106639,2.1557944149420343,2.3577586699199484,1.716160992836257,1.228641094110786,-2.035760390822919,0.5051998046221156,0.8205432407024116,2.142138239205358,1.3481217961019618,2.1980976717989393,2.3096600394606246
-0.8329761646309312,-0.4228110729353113,-0.9388460657505783,0.26243873778783844,0.6650514233292605,0.07718535655921267,0.658791908428704,0.07605823538528954,0.638838446254245,0.6289257385616617,0.5125239366035039,1.0066849319041515,0.24076415339844037,0.5122201040394472,-0.10232680092229102,-0.14102024759379056,-0.8347932688103541,1.7534059234048716,0.8058333504464102,0.49398457306659255,-0.23092386845388022,0.8294215858337132
0.5662844625197644,-0.1035909802503875,1.1854706097565508,-0.5324655330264532,-0.6939742779985454,-0.4367181814216809,-0.47308290054595725,-0.4357526638195281,-0.6239260772158368,-0.6133083059802124,-0.6463743474981266,-0.5545189864300757,-0.572407890321215,-0.6463827992623059,-0.5274276769221011,0.7088471686823083,-1.546560574567774,1.1771312707935586,-0.30492577228611334,-0.37548061523442755,0.35569318167780306,-0.40163588265969347
0.3280430174933056,0.12654705844451672,-0.8660503166548188,0.18199059471747653,-0.15036399746742293,0.13013299380572899,0.3185557307309637,0.1300423464576031,1.7729741617450119,1.6304167512155758,1.8800984390642705,1.919632603945283,1.418215295081698,1.879812488424578,1.3776876866580203,-2.155930515533731,1.4808376532458138,0.25861220053172074,1.08882965506065,2.0162400231949635,2.3047011003404267,1.0205163136595408
-0.4253379535171804,-0.20520407526128712,-1.1606392426495862,0.6206245176487362,0.6650514233292605,0.5879743276432524,0.40277260639872137,0.5868309786079474,0.9411411700655525,0.9033727949139361,1.0407356143250672,0.48047203760266577,0.6610861895102891,1.0407492226188053,0.15895914637850087,-0.6752784013171271,0.4123230406557598,0.2598317716402517,0.43822399237804405,-0.022280147005456948,0.6195729121343416,0.36905098849958634
-0.923889000422523,4.359365785138418,-0.4771507200028763,-0.727839594768761,-0.6939742779985454,-0.717029202138532,-0.7088901524156784,-0.7170929349848538,-0.8997022375139007,-0.8588661985059317,-0.9323725574814068,-0.8485325162280444,-0.7630637681392692,-0.9326952830050602,-0.4501779185896931,0.7244649466230635,0.26856832522397694,-1.002478933350093,-0.6331172327912302,-1.36429559133207,-0.6036253848867372,-0.7811077233821578
1.1776172410591694,0.32927696961400343,-0.5865242342950222,-0.049776674604280854,-0.4221691377329842,0.08029992345606658,-0.07221057236743131,0.0791727033317692,-0.4062080559278917,-0.4255287411076036,-0.4097504213230348,-0.3334144721076141,-0.3740598445220289,-0.40975577907577787,-0.44472499447211133,0.3374911154243499,-0.62808885451223,0.16210225997310757,0.3913739363250065,0.36962467364592233,0.3917109220763855,0.253486070717994
0.43143457403327773,2.881334572304776,-0.8420648968539095,-0.17619518514342122,-0.4221691377329842,-0.31525007244437886,-0.32822987439741436,-0.3163647258711426,-0.6869892282095863,-0.579604281515898,-0.8149921846543927,-0.7042994638743239,-0.48394795853819844,-0.8153133753534755,-0.19525371609274655,0.8691463061575605,-0.1365436030283951,-0.7815181320598205,1.006131185202453,1.803955145025534,1.452050841162487,0.8087191046251567
0.09993897634826561,-0.35553145125254787,0.8506581347556585,-0.5324655330264532,-0.6939742779985454,-0.44917644900909653,-0.5438250761068737,-0.4502868475697663,0.08728612565811725,-0.05959933263790431,0.1687671304672487,0.03905549825638926,0.020987925366101085,0.16876933720703274,-0.3733825706004169,0.0021427168631327586,-0.5193946080189537,-0.24208544845843558,-0.5289255376548624,-0.5719538787487556,-0.12385880197601067,-0.4933498629123252
-0.9154204074994705,-0.7182210597740801,-0.061987088668937866,0.7719436439001316,1.2086617038603833,0.6191199966117914,1.4234811394919427,0.6200519700370635,1.0687689756481413,0.8985579342761769,1.048188336409322,1.5836171413190334,0.5808678662784855,1.0478915080050126,-0.30726586567473824,-0.22388123611279798,-0.6881467682294775,1.935486069653046,1.1500786455954688,1.0482095695772808,-0.1290715676468328,1.359466969177638
-1.532581570580035,-0.8901140077112659,-0.6679307490993083,-0.20492666481140767,0.39324628306369946,-0.20001109726078453,-0.07557924739414162,-0.19905309988707692,-0.1729744974906907,-0.22330459432171706,-0.19362148087964395,-0.17333163378095723,-0.17516235815276174,-0.19362401260619322,-0.3454363344978104,-0.05837617265729388,0.8013651829789411,1.3390247848124788,0.6688219508005332,1.6979491198711771,0.6200719801736735,0.7330567279990096
-0.1318015782284384,-0.4376994385046738,0.5013344807752165,-0.4884105975355407,-0.4221691377329842,-0.4398327483185348,-0.4292901251987234,-0.4399052877481676,-0.8246270577594368,-0.7914581495773029,-0.8448030729914122,-0.7795859472457713,-0.6976803402996483,-0.844814119339985,-0.48198664260891994,0.43380074605900715,-0.9928128304473972,1.0810763940814088,-0.03015556870289978,0.1764253444601797,1.1257102502433654,-0.18608262047114266
1.3720212638957103,0.28791663889972124,2.0358976542175893,-0.07276185833867008,-0.4221691377329842,0.07095622276550485,-0.06547322231401083,0.07190561145665021,-0.668971185068515,-0.675901494271082,-0.6333320838506805,-0.6353528948920508,-0.6735049552160911,-0.6336508992260229,-0.4160971428548072,0.1570190147756222,-1.5789524498284255,-0.11816246178867847,-0.7377435951805392,-0.5242090031235481,0.2703750050138206,-0.8084827225469398
-0.8255785996363825,-0.7516973241754952,-0.33412566173005426,-0.29686739974896437,-0.15036399746742293,-0.2373859000230313,-0.4057094000117512,-0.2364267152448323,-0.8436461032972342,-0.8203473134038581,-0.865298058723113,-0.823965347969993,-0.735591739635227,-0.8649988389097018,-0.23887710903340054,0.4914997590067978,-0.3265280649376326,0.09260490934074438,-0.42488462644778063,-0.2854598224647178,0.3636707842865236,-0.438036456609636
1.216273876990279,0.1896647052067538,1.9893419543840245,-0.8944821768430826,-0.9929599322906627,-0.7855496738693177,-0.8470058285108008,-0.7866493857895653,-1.0728756521475304,-1.0129417389142261,-1.0832901796875678,-0.9935580578804116,-0.9965760104236296,-1.0833043444098713,-0.5883186629017639,2.3862399022359253,-1.2835827975864509,0.42185270353618415,-1.8772856946366958,-0.5966075963443173,-2.119479675512233,-1.695010691866795
-0.8264005513024435,-0.7836960310847995,-0.22465620575870462,-0.4596791178675543,-0.4221691377329842,-0.37754141038145694,-0.5168756758931912,-0.37865408480073504,-0.7915939786674727,-0.7577541251129885,-0.8485294340335395,-0.8279277944632272,-0.6718566335058485,-0.8482299949594755,-0.3740641861151146,0.9400770476384903,-0.3123505545254662,0.2944894341871404,-0.4038223453625678,-0.1194936742849378,0.3337716180501498,-0.43019293384652235
